max_lin_0	max_ang_0	max_lin_1	max_ang_1	shot_0	shot_1	shot_2	shot_3	shot_4	shot_5
.6	1	.8	.8	0.760000	1.280000	1.880000	2.480000	3.080000	3.680000	
