max_lin_0	max_ang_0	max_lin_1	max_ang_1	x0	y0	x1	y1	shot_0	shot_1	shot_2	shot_3	shot_4	shot_5
.6	1	.8	.8	0	0	0	-2	3.740000	4.340000	5.940000	6.640000	-1.000000	-1.000000
0.6	1	0.1	0.1	0	0	-1	-2	-1.000000	-1.000000	-1.000000	-1.000000	-1.000000	-1.000000
0.6	1	0.2	0.1	0	0	-1	-2	-1.000000	-1.000000	-1.000000	-1.000000	-1.000000	-1.000000
